Month,Ensemble ET,Acre-feet,Precip (gridMET),Acre-feet,eeMetric ET,Acre-feet,SSEBop ET,Acre-feet,SIMS ET,Acre-feet,DisALEXI ET,Acre-feet,PT-JPL ET,Acre-feet,geeSEBAL ET,Acre-feet,Polygon Area,ET Units,Shape,URL,Source,Method
1/1/2018,0.006,1.099,0,0,0.003,0.564,0.016,3.014,0.002,0.423,0.007,1.41,0.003,0.616,0.01,1.804,2262.446 acres,in,"-98.18601608276369,34.83818163686145,-98.18601608276369,34.8621301806213,-98.14842224121095,34.8621301806213,-98.14842224121095,34.83818163686145",https://explore.etdata.org/custom#13/34.8563/-98.1524,OpenET,https://openetdata.org/#tool
1/2/2018,0.006,1.151,0,0,0.005,0.965,0.013,2.501,0.003,0.579,0.007,1.321,0.004,0.846,0.009,1.692,,,,,,
1/3/2018,0.019,3.63,0,0,0.02,3.86,0.034,6.443,0.011,2.115,0.02,3.815,0.016,3.095,0.026,4.906,,,,,,
1/4/2018,0.021,3.927,0,0,0.026,4.817,0.031,5.834,0.013,2.524,0.02,3.86,0.02,3.689,0.026,4.966,,,,,,
1/5/2018,0.027,5.047,0,0,0.036,6.829,0.034,6.376,0.018,3.474,0.025,4.684,0.027,5.07,0.032,6.042,,,,,,
1/6/2018,0.038,7.096,0,0,0.055,10.303,0.041,7.72,0.027,5.144,0.033,6.287,0.04,7.497,0.043,8.128,,,,,,
1/7/2018,0.018,3.303,0.087,16.33,0.027,5.062,0.017,3.125,0.013,2.487,0.015,2.813,0.019,3.63,0.019,3.637,,,,,,
1/8/2018,0.036,6.836,0,0,0.058,10.926,0.03,5.671,0.028,5.315,0.03,5.626,0.041,7.749,0.039,7.289,,,,,,
1/9/2018,0.057,10.815,0,0,0.091,17.117,0.049,9.323,0.045,8.492,0.055,10.28,0.063,11.795,0.06,11.305,,,,,,
1/10/2018,0.046,8.588,0.026,4.914,0.071,13.443,0.041,7.734,0.036,6.829,0.05,9.457,0.047,8.944,0.046,8.766,,,,,,
1/11/2018,0.012,2.197,0,0,0.018,3.4,0.011,2.086,0.009,1.774,0.015,2.813,0.011,2.16,0.012,2.182,,,,,,
1/12/2018,0.021,3.986,0,0,0.032,6.057,0.021,3.993,0.017,3.266,0.032,5.96,0.019,3.63,0.02,3.815,,,,,,
1/13/2018,0.02,3.83,0,0,0.03,5.701,0.022,4.097,0.017,3.207,0.036,6.74,0.017,3.155,0.019,3.496,,,,,,
1/14/2018,0.028,5.196,0,0,0.04,7.534,0.032,6.012,0.024,4.461,0.058,10.882,0.02,3.711,0.024,4.468,,,,,,
1/15/2018,0.016,2.947,0,0,0.022,4.127,0.02,3.741,0.014,2.613,0.04,7.452,0.009,1.685,0.012,2.323,,,,,,
1/16/2018,0.009,1.774,0,0,0.013,2.368,0.013,2.516,0.009,1.64,0.029,5.53,0.004,0.668,0.007,1.232,,,,,,
1/17/2018,0.012,2.294,0,0,0.017,3.251,0.017,3.199,0.011,2.108,0.034,6.361,0.005,1.002,0.008,1.485,,,,,,
1/18/2018,0.025,4.647,0,0,0.037,6.925,0.034,6.391,0.023,4.261,0.061,11.446,0.012,2.279,0.015,2.806,,,,,,
1/19/2018,0.033,6.257,0,0,0.052,9.739,0.045,8.477,0.03,5.708,0.072,13.643,0.018,3.37,0.019,3.541,,,,,,
1/20/2018,0.047,8.811,0,0,0.076,14.259,0.063,11.787,0.043,8.017,0.09,16.991,0.027,5.129,0.025,4.676,,,,,,
1/21/2018,0.044,8.284,0,0,0.074,13.858,0.058,10.941,0.04,7.512,0.075,14.051,0.027,5.151,0.022,4.134,,,,,,
1/22/2018,0.037,6.94,0,0,0.063,11.965,0.048,9.071,0.033,6.272,0.055,10.303,0.024,4.572,0.017,3.259,,,,,,
1/23/2018,0.027,5.137,0,0,0.048,9.093,0.035,6.643,0.025,4.632,0.035,6.621,0.019,3.555,0.012,2.271,,,,,,
1/24/2018,0.037,7.044,0,0,0.068,12.775,0.048,9.019,0.034,6.332,0.041,7.824,0.027,5.092,0.016,2.947,,,,,,
1/25/2018,0.055,10.325,0.014,2.687,0.098,18.468,0.068,12.886,0.048,9.123,0.061,11.476,0.042,7.898,0.024,4.513,,,,,,
1/26/2018,0.04,7.46,0,0,0.07,13.168,0.048,9.078,0.034,6.48,0.044,8.299,0.032,6.012,0.018,3.4,,,,,,
1/27/2018,0.032,6.042,0,0,0.056,10.518,0.038,7.163,0.027,5.151,0.036,6.718,0.027,5.114,0.015,2.865,,,,,,
1/28/2018,0.028,5.344,0,0,0.049,9.182,0.033,6.183,0.024,4.483,0.032,5.953,0.025,4.736,0.014,2.628,,,,,,
1/29/2018,0.026,4.892,0,0,0.044,8.291,0.029,5.515,0.021,4.031,0.029,5.448,0.024,4.52,0.013,2.487,,,,,,
1/30/2018,0.053,9.902,0,0,0.088,16.56,0.058,10.874,0.043,8.017,0.058,11.023,0.05,9.516,0.028,5.203,,,,,,
1/31/2018,0.063,11.862,0,0,0.104,19.574,0.067,12.685,0.05,9.442,0.07,13.205,0.063,11.832,0.034,6.428,,,,,,
2/1/2018,0.041,7.734,0,0,0.067,12.604,0.043,8.061,0.032,6.057,0.046,8.618,0.042,7.994,0.023,4.313,,,,,,
2/2/2018,0.038,7.081,0,0,0.06,11.275,0.038,7.118,0.029,5.396,0.042,7.89,0.04,7.586,0.022,4.068,,,,,,
2/3/2018,0.043,8.069,0,0,0.067,12.559,0.041,7.824,0.032,5.983,0.048,8.989,0.047,8.93,0.025,4.765,,,,,,
2/4/2018,0.018,3.407,0,0,0.028,5.188,0.017,3.184,0.013,2.464,0.02,3.8,0.021,3.89,0.011,2.064,,,,,,
2/5/2018,0.02,3.763,0,0,0.03,5.604,0.018,3.4,0.014,2.65,0.022,4.194,0.023,4.417,0.012,2.338,,,,,,
2/6/2018,0.014,2.657,0,0,0.021,3.875,0.012,2.316,0.01,1.826,0.016,2.962,0.017,3.199,0.009,1.685,,,,,,
2/7/2018,0.03,5.715,0,0,0.043,8.165,0.026,4.81,0.02,3.83,0.034,6.376,0.037,7.066,0.02,3.704,,,,,,
2/8/2018,0.049,9.316,0,0,0.069,13.027,0.04,7.564,0.032,6.079,0.055,10.392,0.062,11.78,0.033,6.161,,,,,,
2/9/2018,0.045,8.432,0,0,0.061,11.557,0.035,6.606,0.029,5.374,0.05,9.412,0.058,10.904,0.03,5.686,,,,,,
2/10/2018,0.01,1.9,0,0,0.013,2.479,0.008,1.477,0.006,1.21,0.011,2.153,0.013,2.457,0.007,1.314,,,,,,
2/11/2018,0.029,5.448,0,0,0.036,6.77,0.022,4.216,0.018,3.466,0.033,6.265,0.037,7.059,0.02,3.86,,,,,,
2/12/2018,0.033,6.161,0,0,0.039,7.282,0.025,4.751,0.021,3.919,0.038,7.193,0.042,7.994,0.024,4.468,,,,,,
2/13/2018,0.026,4.929,0,0,0.029,5.53,0.02,3.771,0.017,3.125,0.031,5.827,0.034,6.398,0.019,3.652,,,,,,
2/14/2018,0.069,12.96,0,0,0.073,13.791,0.052,9.872,0.044,8.224,0.082,15.528,0.089,16.85,0.052,9.82,,,,,,
2/15/2018,0.074,13.918,0,0,0.074,14.014,0.056,10.548,0.047,8.826,0.09,16.887,0.096,18.111,0.057,10.763,,,,,,
2/16/2018,0.036,6.807,0.223,42.027,0.034,6.473,0.027,5.129,0.023,4.313,0.044,8.365,0.047,8.87,0.028,5.367,,,,,,
2/17/2018,0.048,8.959,0,0,0.043,8.031,0.036,6.718,0.03,5.664,0.059,11.127,0.062,11.676,0.038,7.193,,,,,,
2/18/2018,0.047,8.9,0,0,0.041,7.645,0.036,6.762,0.03,5.73,0.059,11.179,0.062,11.609,0.039,7.267,,,,,,
2/19/2018,0.08,15.09,0.01,1.848,0.066,12.381,0.062,11.617,0.052,9.887,0.102,19.158,0.104,19.7,0.066,12.537,,,,,,
2/20/2018,0.023,4.268,0.287,54.201,0.018,3.333,0.018,3.325,0.015,2.843,0.029,5.471,0.03,5.574,0.019,3.6,,,,,,
2/21/2018,0.014,2.687,0.116,21.89,0.011,1.997,0.011,2.123,0.01,1.819,0.018,3.481,0.019,3.511,0.012,2.308,,,,,,
2/22/2018,0.011,2.004,0.526,99.242,0.007,1.403,0.009,1.603,0.007,1.381,0.014,2.628,0.014,2.62,0.009,1.744,,,,,,
2/23/2018,0.009,1.655,0.363,68.452,0.006,1.099,0.007,1.344,0.006,1.158,0.012,2.197,0.011,2.167,0.008,1.47,,,,,,
2/24/2018,0.037,6.911,0.855,161.192,0.023,4.298,0.03,5.671,0.026,4.929,0.049,9.264,0.048,9.063,0.033,6.243,,,,,,
2/25/2018,0.05,9.486,0,0,0.029,5.5,0.042,7.883,0.036,6.873,0.068,12.849,0.066,12.44,0.046,8.699,,,,,,
2/26/2018,0.055,10.407,0,0,0.035,6.628,0.046,8.618,0.038,7.148,0.075,14.081,0.069,13.019,0.052,9.739,,,,,,
2/27/2018,0.033,6.265,0.363,68.386,0.023,4.357,0.027,5.166,0.022,4.068,0.045,8.469,0.04,7.452,0.032,5.983,,,,,,
2/28/2018,0.038,7.074,0,0,0.028,5.337,0.031,5.812,0.023,4.32,0.051,9.546,0.042,7.972,0.037,6.896,,,,,,
3/1/2018,0.047,8.952,0,0,0.039,7.282,0.039,7.319,0.027,5.114,0.064,12.062,0.051,9.531,0.047,8.9,,,,,,
3/2/2018,0.059,11.112,0,0,0.052,9.716,0.048,9.056,0.031,5.916,0.079,14.964,0.059,11.127,0.06,11.268,,,,,,
3/3/2018,0.068,12.841,0,0,0.064,12.003,0.055,10.414,0.034,6.324,0.092,17.265,0.064,12.032,0.07,13.272,,,,,,
3/4/2018,0.041,7.72,0,0,0.041,7.69,0.033,6.235,0.019,3.496,0.055,10.362,0.036,6.732,0.043,8.135,,,,,,
3/5/2018,0.054,10.221,0,0,0.057,10.822,0.044,8.217,0.022,4.209,0.073,13.702,0.044,8.239,0.058,10.978,,,,,,
3/6/2018,0.076,14.363,0,0,0.079,14.831,0.059,11.075,0.03,5.641,0.103,19.329,0.06,11.26,0.085,15.996,,,,,,
3/7/2018,0.048,8.981,0,0,0.048,9.063,0.035,6.658,0.018,3.377,0.064,12.129,0.036,6.866,0.055,10.332,,,,,,
3/8/2018,0.077,14.556,0,0,0.076,14.356,0.055,10.377,0.028,5.233,0.105,19.722,0.058,10.852,0.091,17.236,,,,,,
3/9/2018,0.092,17.317,0,0,0.089,16.731,0.063,11.906,0.032,5.975,0.125,23.537,0.067,12.626,0.112,21.051,,,,,,
3/10/2018,0.066,12.433,0,0,0.062,11.78,0.044,8.247,0.022,4.12,0.09,16.946,0.047,8.87,0.082,15.476,,,,,,
3/11/2018,0.063,11.906,0,0,0.059,11.06,0.04,7.631,0.02,3.793,0.086,16.263,0.044,8.313,0.08,15.142,,,,,,
3/12/2018,0.057,10.77,0,0,0.052,9.835,0.035,6.68,0.018,3.303,0.078,14.756,0.039,7.378,0.074,13.977,,,,,,
3/13/2018,0.072,13.517,0,0,0.064,12.129,0.043,8.12,0.021,3.993,0.098,18.557,0.048,9.078,0.095,17.852,,,,,,
3/14/2018,0.092,17.399,0,0,0.083,15.58,0.054,10.273,0.027,5.033,0.127,23.938,0.061,11.49,0.124,23.352,,,,,,
3/15/2018,0.131,24.703,0,0,0.117,22.068,0.076,14.348,0.037,6.992,0.181,34.055,0.085,16.041,0.179,33.655,,,,,,
3/16/2018,0.148,27.909,0,0,0.132,24.874,0.085,15.944,0.041,7.727,0.204,38.539,0.095,17.822,0.205,38.561,,,,,,
3/17/2018,0.082,15.499,0.006,1.121,0.073,13.784,0.046,8.714,0.022,4.201,0.114,21.437,0.052,9.739,0.115,21.704,,,,,,
3/18/2018,0.08,15.157,0.033,6.22,0.071,13.45,0.044,8.388,0.021,4.023,0.111,21.006,0.05,9.375,0.114,21.511,,,,,,
3/19/2018,0.074,13.918,0,0,0.065,12.329,0.04,7.586,0.019,3.622,0.103,19.329,0.045,8.469,0.106,20.004,,,,,,
3/20/2018,0.088,16.553,0,0,0.078,14.63,0.047,8.885,0.022,4.216,0.122,23.018,0.053,9.917,0.128,24.064,,,,,,
3/21/2018,0.089,16.812,0,0,0.079,14.838,0.047,8.892,0.022,4.201,0.124,23.419,0.053,9.924,0.131,24.725,,,,,,
3/22/2018,0.152,28.704,0,0,0.13,24.525,0.081,15.343,0.04,7.608,0.213,40.187,0.092,17.377,0.221,41.575,,,,,,
3/23/2018,0.138,26.039,0,0,0.114,21.526,0.075,14.073,0.039,7.297,0.194,36.646,0.086,16.167,0.197,37.136,,,,,,
3/24/2018,0.114,21.526,0,0,0.091,17.206,0.062,11.758,0.034,6.361,0.161,30.448,0.073,13.688,0.16,30.218,,,,,,
3/25/2018,0.106,20.034,0,0,0.082,15.462,0.059,11.06,0.033,6.22,0.151,28.481,0.069,13.042,0.147,27.679,,,,,,
3/26/2018,0.078,14.734,0.235,44.358,0.058,10.971,0.044,8.217,0.025,4.795,0.112,21.051,0.052,9.813,0.106,20.034,,,,,,
3/27/2018,0.026,4.906,0.177,33.306,0.019,3.518,0.015,2.761,0.009,1.67,0.037,7.044,0.018,3.34,0.035,6.562,,,,,,
3/28/2018,0.066,12.492,0.148,27.924,0.046,8.625,0.038,7.118,0.024,4.446,0.096,18.03,0.046,8.699,0.087,16.449,,,,,,
3/29/2018,0.064,12.062,0,0,0.042,8.002,0.037,6.94,0.024,4.468,0.093,17.495,0.045,8.573,0.083,15.617,,,,,,
3/30/2018,0.089,16.746,0,0,0.057,10.666,0.052,9.724,0.034,6.45,0.129,24.398,0.064,12.151,0.113,21.325,,,,,,
3/31/2018,0.11,20.813,0.03,5.574,0.067,12.7,0.065,12.203,0.044,8.321,0.162,30.47,0.082,15.402,0.138,26.054,,,,,,
4/1/2018,0.024,4.587,0,0,0.014,2.68,0.014,2.717,0.01,1.9,0.036,6.747,0.018,3.459,0.03,5.641,,,,,,
4/2/2018,0.061,11.498,0,0,0.034,6.406,0.036,6.873,0.026,4.929,0.09,16.991,0.047,8.84,0.074,13.903,,,,,,
4/3/2018,0.079,14.927,0,0,0.042,7.927,0.048,9.004,0.035,6.621,0.118,22.164,0.062,11.698,0.094,17.74,,,,,,
4/4/2018,0.091,17.102,0,0,0.046,8.64,0.055,10.407,0.041,7.824,0.135,25.504,0.072,13.65,0.106,19.967,,,,,,
4/5/2018,0.128,24.094,0,0,0.061,11.55,0.079,14.801,0.06,11.372,0.191,36.104,0.104,19.574,0.147,27.627,,,,,,
4/6/2018,0.08,15.157,0,0,0.036,6.873,0.05,9.39,0.039,7.371,0.121,22.81,0.066,12.522,0.091,17.065,,,,,,
4/7/2018,0.062,11.639,0.02,3.711,0.026,4.884,0.041,7.653,0.033,6.243,0.094,17.666,0.053,9.932,0.067,12.641,,,,,,
4/8/2018,0.057,10.77,0,0,0.022,4.127,0.04,7.519,0.034,6.361,0.087,16.493,0.05,9.509,0.06,11.238,,,,,,
4/9/2018,0.092,17.377,0,0,0.032,5.975,0.068,12.908,0.06,11.29,0.143,26.885,0.084,15.892,0.092,17.339,,,,,,
4/10/2018,0.095,17.859,0,0,0.029,5.374,0.075,14.125,0.068,12.745,0.148,27.917,0.09,16.939,0.09,16.924,,,,,,
4/11/2018,0.147,27.739,0,0,0.037,7.044,0.124,23.396,0.115,21.711,0.233,43.846,0.145,27.345,0.131,24.777,,,,,,
4/12/2018,0.176,33.261,0,0,0.036,6.755,0.159,29.958,0.152,28.57,0.282,53.228,0.181,34.152,0.147,27.731,,,,,,
4/13/2018,0.141,26.521,0,0,0.021,3.897,0.136,25.556,0.133,24.985,0.228,43,0.151,28.414,0.108,20.375,,,,,,
4/14/2018,0.072,13.495,0,0,0.006,1.151,0.074,13.94,0.074,13.955,0.118,22.201,0.08,15.128,0.05,9.397,,,,,,
4/15/2018,0.09,16.998,0,0,0.019,3.555,0.091,17.236,0.091,17.124,0.152,28.667,0.106,19.908,0.064,12.01,,,,,,
4/16/2018,0.119,22.476,0,0,0.039,7.378,0.119,22.38,0.117,22.06,0.206,38.799,0.145,27.39,0.085,16.092,,,,,,
4/17/2018,0.167,31.502,0,0,0.074,13.962,0.163,30.819,0.16,30.136,0.295,55.596,0.211,39.853,0.121,22.855,,,,,,
4/18/2018,0.12,22.632,0,0,0.066,12.53,0.115,21.756,0.112,21.11,0.216,40.773,0.157,29.639,0.088,16.619,,,,,,
4/19/2018,0.101,19.069,0,0,0.067,12.582,0.096,18.022,0.092,17.347,0.186,35.035,0.137,25.787,0.075,14.17,,,,,,
4/20/2018,0.103,19.418,0.425,80.18,0.079,14.801,0.096,18.045,0.091,17.236,0.193,36.342,0.144,27.063,0.077,14.586,,,,,,
4/21/2018,0.028,5.255,0.393,74.049,0.024,4.528,0.026,4.81,0.024,4.558,0.053,10.013,0.04,7.541,0.021,3.993,,,,,,
4/22/2018,0.084,15.907,0,0,0.081,15.224,0.076,14.311,0.071,13.45,0.163,30.812,0.124,23.419,0.065,12.203,,,,,,
4/23/2018,0.1,18.839,0,0,0.104,19.581,0.096,18.193,0.084,15.825,0.184,34.731,0.137,25.92,0.078,14.719,,,,,,
4/24/2018,0.107,20.138,0.069,12.982,0.119,22.506,0.11,20.709,0.089,16.812,0.187,35.34,0.137,25.861,0.085,16.003,,,,,,
4/25/2018,0.039,7.438,0.467,87.967,0.047,8.863,0.043,8.091,0.033,6.176,0.066,12.418,0.047,8.9,0.032,6.005,,,,,,
4/26/2018,0.088,16.516,0,0,0.111,20.85,0.1,18.898,0.072,13.628,0.139,26.262,0.098,18.401,0.072,13.532,,,,,,
4/27/2018,0.11,20.821,0,0,0.147,27.687,0.132,24.948,0.091,17.087,0.167,31.517,0.114,21.556,0.092,17.295,,,,,,
4/28/2018,0.141,26.64,0,0,0.197,37.143,0.177,33.291,0.115,21.756,0.204,38.39,0.136,25.579,0.119,22.431,,,,,,
4/29/2018,0.171,32.252,0,0,0.249,46.949,0.222,41.894,0.139,26.21,0.235,44.247,0.152,28.659,0.146,27.494,,,,,,
4/30/2018,0.16,30.196,0,0,0.243,45.724,0.216,40.639,0.13,24.421,0.209,39.422,0.131,24.762,0.138,26.039,,,,,,
5/1/2018,0.141,26.633,0,0,0.218,41.166,0.193,36.453,0.112,21.103,0.179,33.818,0.111,20.858,0.123,23.107,,,,,,
5/2/2018,0.125,23.56,1.928,363.476,0.197,37.099,0.174,32.749,0.097,18.312,0.155,29.142,0.094,17.651,0.109,20.561,,,,,,
5/3/2018,0.159,29.921,0.028,5.292,0.254,47.936,0.224,42.191,0.121,22.832,0.191,36.089,0.114,21.467,0.139,26.247,,,,,,
5/4/2018,0.126,23.686,0,0,0.204,38.546,0.179,33.84,0.094,17.763,0.148,27.887,0.086,16.293,0.111,20.88,,,,,,
5/5/2018,0.154,28.971,0,0,0.254,47.825,0.222,41.894,0.113,21.37,0.177,33.328,0.101,19.121,0.136,25.653,,,,,,
5/6/2018,0.207,39.103,0,0,0.347,65.439,0.303,57.192,0.151,28.399,0.233,44.009,0.132,24.799,0.184,34.783,,,,,,
5/7/2018,0.203,38.257,0,0,0.344,64.823,0.3,56.539,0.145,27.368,0.224,42.154,0.124,23.33,0.181,34.167,,,,,,
5/8/2018,0.236,44.492,0,0,0.404,76.254,0.352,66.389,0.166,31.368,0.255,48.025,0.138,26.106,0.212,39.882,,,,,,
5/9/2018,0.229,43.252,0,0,0.368,69.44,0.327,61.594,0.168,31.762,0.247,46.481,0.149,28.125,0.202,38.086,,,,,,
5/10/2018,0.244,45.954,0,0,0.365,68.846,0.331,62.329,0.186,35.058,0.261,49.153,0.174,32.749,0.211,39.734,,,,,,
5/11/2018,0.265,50.029,0,0,0.37,69.677,0.342,64.541,0.21,39.585,0.283,53.273,0.206,38.747,0.225,42.48,,,,,,
5/12/2018,0.243,45.769,0,0,0.313,58.981,0.297,56.042,0.199,37.492,0.257,48.515,0.203,38.227,0.202,38.16,,,,,,
5/13/2018,0.212,39.994,0,0,0.252,47.431,0.246,46.385,0.18,33.862,0.224,42.206,0.19,35.807,0.174,32.742,,,,,,
5/14/2018,0.233,43.95,0.146,27.605,0.253,47.676,0.256,48.181,0.204,38.413,0.245,46.177,0.222,41.946,0.187,35.332,,,,,,
5/15/2018,0.14,26.336,1.034,194.869,0.138,25.935,0.144,27.212,0.126,23.723,0.146,27.546,0.141,26.67,0.11,20.784,,,,,,
5/16/2018,0.185,34.842,0,0,0.164,30.879,0.179,33.84,0.171,32.304,0.192,36.282,0.198,37.284,0.143,26.989,,,,,,
5/17/2018,0.196,36.995,0.134,25.319,0.176,33.239,0.191,35.926,0.183,34.516,0.204,38.398,0.208,39.199,0.157,29.683,,,,,,
5/18/2018,0.235,44.373,0,0,0.214,40.409,0.229,43.089,0.221,41.664,0.243,45.902,0.247,46.526,0.195,36.854,,,,,,
5/19/2018,0.214,40.343,1.061,200.072,0.197,37.232,0.208,39.162,0.202,38.116,0.221,41.582,0.222,41.842,0.184,34.657,,,,,,
5/20/2018,0.099,18.601,0,0,0.092,17.406,0.096,18.052,0.094,17.688,0.101,19.099,0.101,19.084,0.088,16.523,,,,,,
5/21/2018,0.169,31.873,0,0,0.16,30.233,0.164,30.93,0.162,30.507,0.173,32.615,0.171,32.333,0.155,29.268,,,,,,
5/22/2018,0.191,35.926,0,0,0.183,34.545,0.185,34.85,0.184,34.612,0.194,36.616,0.191,36.008,0.181,34.07,,,,,,
5/23/2018,0.2,37.7,0,0,0.195,36.757,0.194,36.572,0.194,36.564,0.203,38.279,0.198,37.336,0.196,36.921,,,,,,
5/24/2018,0.204,38.494,0,0,0.202,38.064,0.198,37.336,0.199,37.589,0.206,38.932,0.2,37.655,0.206,38.91,,,,,,
5/25/2018,0.181,34.115,0,0,0.189,35.577,0.179,33.736,0.177,33.439,0.18,33.922,0.171,32.252,0.183,34.434,,,,,,
5/26/2018,0.209,39.378,0,0,0.229,43.223,0.211,39.689,0.206,38.754,0.204,38.479,0.191,35.941,0.211,39.689,,,,,,
5/27/2018,0.22,41.53,0,0,0.254,47.862,0.226,42.658,0.218,41.025,0.211,39.86,0.194,36.527,0.222,41.79,,,,,,
5/28/2018,0.212,39.89,0,0,0.256,48.181,0.221,41.745,0.21,39.563,0.199,37.596,0.179,33.759,0.213,40.083,,,,,,
5/29/2018,0.22,41.456,0.555,104.564,0.278,52.382,0.234,44.195,0.219,41.27,0.203,38.338,0.179,33.692,0.221,41.597,,,,,,
5/30/2018,0.224,42.228,0,0,0.296,55.73,0.243,45.85,0.224,42.206,0.203,38.309,0.174,32.898,0.224,42.31,,,,,,
5/31/2018,0.223,42.079,0,0,0.307,57.912,0.247,46.518,0.224,42.22,0.199,37.425,0.166,31.354,0.223,42.094,,,,,,
6/1/2018,0.266,50.118,0,0,0.381,71.83,0.299,56.413,0.268,50.489,0.232,43.675,0.189,35.622,0.266,50.059,,,,,,
6/2/2018,0.256,48.307,0,0,0.358,67.51,0.287,54.134,0.259,48.856,0.225,42.376,0.184,34.679,0.256,48.173,,,,,,
6/3/2018,0.228,42.992,0,0,0.31,58.513,0.254,47.951,0.232,43.653,0.201,37.96,0.165,31.175,0.227,42.807,,,,,,
6/4/2018,0.172,32.512,0,0,0.228,43.037,0.191,36.089,0.176,33.142,0.153,28.897,0.126,23.812,0.171,32.311,,,,,,
6/5/2018,0.211,39.771,0,0,0.271,51.15,0.233,43.943,0.216,40.714,0.189,35.592,0.156,29.431,0.209,39.467,,,,,,
6/6/2018,0.229,43.252,0,0,0.286,53.956,0.252,47.55,0.236,44.455,0.207,38.969,0.172,32.341,0.227,42.844,,,,,,
6/7/2018,0.142,26.833,1.098,206.99,0.172,32.422,0.156,29.357,0.147,27.702,0.129,24.347,0.108,20.271,0.141,26.536,,,,,,
6/8/2018,0.195,36.698,0,0,0.227,42.874,0.212,39.942,0.202,38.049,0.178,33.536,0.149,28.021,0.192,36.223,,,,,,
6/9/2018,0.232,43.831,0,0,0.262,49.42,0.252,47.446,0.242,45.635,0.214,40.335,0.179,33.818,0.229,43.178,,,,,,
6/10/2018,0.244,46.006,0,0,0.285,53.703,0.267,50.333,0.254,47.966,0.224,42.258,0.187,35.199,0.237,44.729,,,,,,
6/11/2018,0.25,47.119,0,0,0.302,56.873,0.276,52.085,0.261,49.19,0.229,43.2,0.19,35.74,0.24,45.204,,,,,,
6/12/2018,0.193,36.446,0,0,0.241,45.427,0.216,40.699,0.202,38.093,0.177,33.343,0.145,27.405,0.183,34.493,,,,,,
6/13/2018,0.228,42.911,0,0,0.293,55.188,0.257,48.404,0.238,44.915,0.208,39.192,0.17,31.985,0.212,40.06,,,,,,
6/14/2018,0.276,52.078,0,0,0.366,69.024,0.315,59.337,0.289,54.572,0.252,47.468,0.204,38.479,0.254,47.951,,,,,,
6/15/2018,0.276,52.13,0,0,0.377,71.139,0.318,59.976,0.29,54.691,0.252,47.424,0.202,38.175,0.251,47.32,,,,,,
6/16/2018,0.268,50.556,0,0,0.376,70.984,0.312,58.743,0.282,53.117,0.244,45.91,0.195,36.698,0.24,45.249,,,,,,
6/17/2018,0.254,47.914,0,0,0.367,69.15,0.298,56.205,0.267,50.4,0.23,43.423,0.183,34.464,0.224,42.265,,,,,,
6/18/2018,0.219,41.278,0,0,0.302,56.992,0.248,46.785,0.226,42.525,0.202,38.093,0.169,31.799,0.198,37.284,,,,,,
6/19/2018,0.221,41.612,0.057,10.689,0.292,54.973,0.242,45.583,0.223,42.013,0.207,39.073,0.181,34.085,0.204,38.427,,,,,,
6/20/2018,0.186,35.035,0.082,15.506,0.235,44.277,0.197,37.106,0.184,34.679,0.177,33.425,0.161,30.337,0.175,33.031,,,,,,
6/21/2018,0.21,39.645,0,0,0.254,47.929,0.215,40.602,0.204,38.494,0.204,38.413,0.191,36.104,0.202,38.116,,,,,,
6/22/2018,0.213,40.083,0.877,165.289,0.246,46.347,0.211,39.712,0.203,38.19,0.209,39.4,0.203,38.234,0.208,39.251,,,,,,
6/23/2018,0.212,40.046,0,0,0.235,44.277,0.204,38.383,0.199,37.455,0.212,39.905,0.211,39.853,0.212,39.905,,,,,,
6/24/2018,0.154,29.008,1.642,309.557,0.163,30.656,0.143,26.907,0.141,26.648,0.155,29.283,0.159,30.025,0.156,29.387,,,,,,
6/25/2018,0.185,34.879,0,0,0.187,35.228,0.166,31.316,0.167,31.472,0.189,35.644,0.199,37.433,0.19,35.881,,,,,,
6/26/2018,0.282,53.162,0,0,0.292,55.01,0.26,49.027,0.26,48.938,0.279,52.538,0.293,55.255,0.29,54.594,,,,,,
6/27/2018,0.278,52.412,0,0,0.295,55.574,0.263,49.658,0.261,49.235,0.265,49.985,0.279,52.657,0.285,53.733,,,,,,
6/28/2018,0.287,54.097,0,0,0.312,58.788,0.279,52.649,0.275,51.863,0.263,49.665,0.278,52.419,0.294,55.359,,,,,,
6/29/2018,0.282,53.087,0,0,0.314,59.122,0.282,53.08,0.276,51.952,0.248,46.793,0.262,49.487,0.288,54.23,,,,,,
6/30/2018,0.207,38.954,0.796,150.021,0.236,44.47,0.212,40.023,0.206,38.917,0.174,32.868,0.185,34.835,0.211,39.719,,,,,,
7/1/2018,0.213,40.112,0,0,0.249,46.941,0.225,42.339,0.217,40.921,0.171,32.289,0.182,34.308,0.216,40.818,,,,,,
7/2/2018,0.225,42.413,0,0,0.27,50.89,0.244,46.006,0.234,44.187,0.172,32.437,0.183,34.568,0.228,43.067,,,,,,
7/3/2018,0.263,49.554,0,0,0.323,60.97,0.293,55.24,0.28,52.738,0.19,35.852,0.203,38.331,0.266,50.215,,,,,,
7/4/2018,0.221,41.716,0,0,0.266,50.059,0.245,46.154,0.234,44.091,0.164,30.893,0.175,32.972,0.229,43.133,,,,,,
7/5/2018,0.199,37.604,0,0,0.233,43.957,0.219,41.285,0.209,39.459,0.151,28.496,0.161,30.366,0.21,39.667,,,,,,
7/6/2018,0.2,37.797,0,0,0.228,42.985,0.218,41.166,0.209,39.378,0.155,29.312,0.165,31.183,0.216,40.684,,,,,,
7/7/2018,0.201,37.982,0,0,0.223,41.968,0.218,41.033,0.208,39.266,0.16,30.136,0.17,32.014,0.221,41.708,,,,,,
7/8/2018,0.198,37.403,0,0,0.213,40.098,0.213,40.068,0.204,38.368,0.161,30.366,0.171,32.207,0.222,41.901,,,,,,
7/9/2018,0.169,31.836,0,0,0.175,33.068,0.179,33.818,0.172,32.4,0.14,26.44,0.149,28.006,0.193,36.394,,,,,,
7/10/2018,0.167,31.517,0,0,0.168,31.658,0.176,33.18,0.169,31.814,0.142,26.781,0.15,28.325,0.195,36.757,,,,,,
7/11/2018,0.205,38.606,0.138,25.928,0.199,37.425,0.214,40.268,0.205,38.643,0.178,33.551,0.188,35.436,0.244,45.924,,,,,,
7/12/2018,0.205,38.598,0,0,0.204,38.435,0.22,41.5,0.208,39.303,0.177,33.313,0.184,34.761,0.235,44.269,,,,,,
7/13/2018,0.205,38.576,0,0,0.209,39.459,0.227,42.755,0.212,39.964,0.175,33.053,0.181,34.048,0.226,42.54,,,,,,
7/14/2018,0.2,37.715,0.26,48.938,0.21,39.637,0.229,43.081,0.211,39.764,0.17,32.081,0.173,32.593,0.212,39.882,,,,,,
7/15/2018,0.189,35.674,0,0,0.204,38.524,0.223,42.005,0.203,38.279,0.16,30.114,0.16,30.159,0.191,36.067,,,,,,
7/16/2018,0.167,31.524,0,0,0.186,34.976,0.203,38.249,0.183,34.434,0.14,26.403,0.138,26.031,0.161,30.359,,,,,,
7/17/2018,0.201,37.856,0,0,0.229,43.148,0.251,47.335,0.223,42.109,0.167,31.435,0.162,30.5,0.183,34.582,,,,,,
7/18/2018,0.182,34.241,0,0,0.213,40.105,0.234,44.128,0.206,38.791,0.15,28.192,0.143,26.878,0.157,29.535,,,,,,
7/19/2018,0.246,46.429,0,0,0.296,55.893,0.327,61.668,0.284,53.585,0.201,37.893,0.188,35.458,0.2,37.618,,,,,,
7/20/2018,0.305,57.556,0,0,0.368,69.306,0.404,76.254,0.353,66.53,0.25,47.053,0.235,44.38,0.248,46.8,,,,,,
7/21/2018,0.223,42.072,0,0,0.269,50.682,0.295,55.596,0.258,48.715,0.183,34.456,0.174,32.749,0.182,34.33,,,,,,
7/22/2018,0.203,38.19,0,0,0.244,46.021,0.267,50.341,0.235,44.284,0.166,31.331,0.159,30.01,0.166,31.272,,,,,,
7/23/2018,0.204,38.45,0,0,0.246,46.34,0.268,50.549,0.237,44.655,0.168,31.599,0.162,30.493,0.168,31.591,,,,,,
7/24/2018,0.199,37.581,0,0,0.24,45.308,0.261,49.279,0.232,43.712,0.164,30.93,0.159,30.069,0.164,30.982,,,,,,
7/25/2018,0.21,39.563,0,0,0.253,47.713,0.274,51.751,0.244,46.088,0.173,32.623,0.169,31.947,0.174,32.734,,,,,,
7/26/2018,0.151,28.474,0,0,0.182,34.352,0.197,37.158,0.176,33.224,0.125,23.523,0.123,23.203,0.125,23.641,,,,,,
7/27/2018,0.16,30.151,0,0,0.193,36.386,0.208,39.244,0.187,35.236,0.132,24.948,0.131,24.777,0.133,25.118,,,,,,
7/28/2018,0.178,33.573,0,0,0.215,40.521,0.231,43.579,0.208,39.288,0.148,27.82,0.148,27.828,0.149,28.058,,,,,,
7/29/2018,0.191,36.037,1.663,313.603,0.231,43.512,0.248,46.667,0.224,42.243,0.159,29.914,0.16,30.136,0.16,30.225,,,,,,
7/30/2018,0.133,25.037,0,0,0.16,30.24,0.172,32.341,0.156,29.394,0.11,20.821,0.112,21.11,0.112,21.066,,,,,,
7/31/2018,0.143,27.019,0,0,0.173,32.645,0.185,34.813,0.169,31.769,0.119,22.498,0.122,22.973,0.121,22.81,,,,,,
8/1/2018,0.146,27.486,0,0,0.176,33.209,0.187,35.317,0.172,32.363,0.122,22.921,0.125,23.56,0.123,23.278,,,,,,
8/2/2018,0.164,30.982,0,0,0.199,37.448,0.211,39.719,0.194,36.535,0.137,25.883,0.142,26.774,0.14,26.321,,,,,,
8/3/2018,0.213,40.216,0,0,0.258,48.626,0.273,51.432,0.252,47.498,0.179,33.655,0.186,35.043,0.182,34.278,,,,,,
8/4/2018,0.212,39.994,0,0,0.257,48.366,0.271,51.016,0.251,47.298,0.178,33.521,0.186,35.124,0.181,34.196,,,,,,
8/5/2018,0.214,40.283,0,0,0.256,48.255,0.269,50.749,0.251,47.238,0.18,33.855,0.19,35.852,0.184,34.634,,,,,,
8/6/2018,0.215,40.446,0,0,0.255,47.988,0.267,50.333,0.249,47.038,0.181,34.085,0.193,36.453,0.185,34.954,,,,,,
8/7/2018,0.193,36.319,0.1,18.935,0.226,42.688,0.237,44.648,0.222,41.894,0.163,30.678,0.176,33.142,0.167,31.539,,,,,,
8/8/2018,0.12,22.573,0.044,8.247,0.139,26.284,0.145,27.42,0.137,25.824,0.101,19.114,0.111,20.843,0.104,19.7,,,,,,
8/9/2018,0.161,30.359,0,0,0.186,35.028,0.193,36.438,0.183,34.456,0.137,25.772,0.15,28.355,0.141,26.618,,,,,,
8/10/2018,0.147,27.724,0,0,0.168,31.702,0.174,32.89,0.166,31.22,0.125,23.589,0.139,26.18,0.13,24.428,,,,,,
8/11/2018,0.143,26.967,0,0,0.162,30.567,0.168,31.621,0.16,30.129,0.122,22.996,0.137,25.742,0.127,23.864,,,,,,
8/12/2018,0.1,18.943,0.292,55.025,0.113,21.281,0.116,21.956,0.111,21.006,0.086,16.189,0.097,18.267,0.089,16.835,,,,,,
8/13/2018,0.08,15.113,0.758,142.91,0.089,16.835,0.092,17.317,0.088,16.634,0.069,12.945,0.078,14.727,0.072,13.495,,,,,,
8/14/2018,0.174,32.771,0.03,5.574,0.192,36.186,0.197,37.128,0.19,35.792,0.149,28.132,0.171,32.229,0.156,29.372,,,,,,
8/15/2018,0.177,33.328,0,0,0.194,36.498,0.198,37.344,0.192,36.141,0.152,28.674,0.176,33.098,0.159,29.995,,,,,,
8/16/2018,0.191,35.948,0,0,0.207,39.036,0.211,39.83,0.205,38.695,0.164,30.982,0.191,36.022,0.172,32.482,,,,,,
8/17/2018,0.19,35.755,0,0,0.204,38.509,0.208,39.185,0.203,38.212,0.164,30.879,0.192,36.149,0.172,32.43,,,,,,
8/18/2018,0.15,28.266,0.738,139.228,0.16,30.196,0.163,30.648,0.159,30.003,0.13,24.458,0.153,28.822,0.136,25.735,,,,,,
8/19/2018,0.142,26.811,0,0,0.151,28.407,0.153,28.756,0.15,28.258,0.123,23.241,0.146,27.568,0.13,24.495,,,,,,
8/20/2018,0.178,33.558,0,0,0.187,35.28,0.189,35.614,0.186,35.132,0.155,29.149,0.185,34.79,0.163,30.775,,,,,,
8/21/2018,0.166,31.339,0,0,0.175,33.016,0.184,34.672,0.178,33.618,0.144,27.227,0.17,32.022,0.15,28.281,,,,,,
8/22/2018,0.148,27.976,0,0,0.157,29.542,0.171,32.333,0.163,30.812,0.129,24.309,0.149,28.14,0.132,24.799,,,,,,
8/23/2018,0.214,40.313,0,0,0.226,42.666,0.259,48.775,0.242,45.642,0.186,35.028,0.211,39.823,0.186,35.028,,,,,,
8/24/2018,0.229,43.2,0,0,0.243,45.835,0.291,54.847,0.267,50.393,0.199,37.537,0.222,41.827,0.195,36.691,,,,,,
8/25/2018,0.203,38.353,0,0,0.216,40.818,0.272,51.246,0.245,46.206,0.177,33.335,0.193,36.297,0.168,31.754,,,,,,
8/26/2018,0.184,34.775,0,0,0.197,37.136,0.26,49.042,0.23,43.378,0.16,30.233,0.17,32.066,0.148,27.954,,,,,,
8/27/2018,0.2,37.7,0,0,0.214,40.394,0.299,56.301,0.259,48.819,0.174,32.779,0.179,33.729,0.155,29.283,,,,,,
8/28/2018,0.184,34.612,0,0,0.198,37.24,0.291,54.936,0.248,46.689,0.16,30.092,0.159,29.891,0.137,25.824,,,,,,
8/29/2018,0.134,25.267,0,0,0.143,26.885,0.211,39.823,0.18,33.914,0.119,22.431,0.115,21.726,0.1,18.839,,,,,,
8/30/2018,0.156,29.357,0,0,0.164,30.886,0.244,45.924,0.208,39.185,0.141,26.588,0.133,25.126,0.116,21.86,,,,,,
8/31/2018,0.169,31.91,0,0,0.176,33.217,0.263,49.569,0.225,42.384,0.156,29.476,0.144,27.189,0.126,23.738,,,,,,
9/1/2018,0.156,29.409,0,0,0.161,30.27,0.241,45.353,0.206,38.858,0.147,27.679,0.132,24.948,0.116,21.86,,,,,,
9/2/2018,0.137,25.787,0,0,0.139,26.254,0.209,39.481,0.18,33.9,0.131,24.718,0.116,21.778,0.102,19.143,,,,,,
9/3/2018,0.109,20.464,0.324,61.126,0.109,20.605,0.165,31.109,0.142,26.766,0.106,19.967,0.091,17.206,0.081,15.179,,,,,,
9/4/2018,0.07,13.109,0.316,59.649,0.069,13.057,0.105,19.796,0.091,17.065,0.069,13.012,0.058,10.978,0.052,9.716,,,,,,
9/5/2018,0.059,11.075,0.464,87.469,0.058,10.911,0.088,16.605,0.076,14.341,0.059,11.179,0.049,9.234,0.044,8.202,,,,,,
9/6/2018,0.071,13.435,0.045,8.432,0.069,13.094,0.106,19.997,0.092,17.317,0.073,13.777,0.059,11.149,0.053,9.939,,,,,,
9/7/2018,0.054,10.243,1.333,251.296,0.052,9.872,0.08,15.142,0.07,13.138,0.057,10.674,0.045,8.462,0.04,7.571,,,,,,
9/8/2018,0.042,7.831,0.017,3.251,0.04,7.467,0.061,11.505,0.053,9.998,0.044,8.284,0.034,6.45,0.031,5.782,,,,,,
9/9/2018,0.081,15.194,0,0,0.076,14.326,0.118,22.157,0.102,19.299,0.087,16.315,0.066,12.455,0.059,11.208,,,,,,
9/10/2018,0.095,17.948,0,0,0.089,16.746,0.138,26.002,0.12,22.691,0.104,19.559,0.078,14.652,0.07,13.235,,,,,,
9/11/2018,0.105,19.744,0,0,0.097,18.223,0.151,28.407,0.132,24.844,0.116,21.815,0.085,16.048,0.077,14.541,,,,,,
9/12/2018,0.103,19.44,0.018,3.348,0.094,17.748,0.147,27.783,0.129,24.347,0.116,21.778,0.084,15.744,0.076,14.311,,,,,,
9/13/2018,0.111,20.836,0,0,0.1,18.817,0.157,29.58,0.138,25.972,0.125,23.656,0.089,16.805,0.081,15.321,,,,,,
9/14/2018,0.113,21.392,0,0,0.101,19.114,0.16,30.166,0.141,26.544,0.131,24.606,0.091,17.184,0.083,15.721,,,,,,
9/15/2018,0.064,12.055,0.544,102.604,0.056,10.652,0.09,16.887,0.079,14.89,0.074,14.036,0.051,9.642,0.047,8.848,,,,,,
9/16/2018,0.092,17.317,0,0,0.08,15.15,0.128,24.109,0.113,21.296,0.108,20.427,0.073,13.799,0.067,12.708,,,,,,
9/17/2018,0.118,22.216,0,0,0.102,19.217,0.163,30.715,0.144,27.197,0.141,26.521,0.094,17.636,0.086,16.285,,,,,,
9/18/2018,0.128,24.102,0,0,0.109,20.628,0.176,33.105,0.156,29.372,0.154,29.112,0.101,19.054,0.094,17.651,,,,,,
9/19/2018,0.131,24.681,0,0,0.111,20.902,0.179,33.692,0.159,29.951,0.16,30.166,0.103,19.44,0.096,18.067,,,,,,
9/20/2018,0.136,25.712,0.241,45.472,0.114,21.548,0.185,34.872,0.165,31.064,0.169,31.784,0.107,20.182,0.1,18.809,,,,,,
9/21/2018,0.028,5.352,3.796,715.692,0.024,4.439,0.038,7.215,0.034,6.436,0.035,6.688,0.022,4.186,0.021,3.912,,,,,,
9/22/2018,0.075,14.185,0,0,0.062,11.631,0.101,18.995,0.09,16.983,0.095,17.918,0.059,11.045,0.055,10.362,,,,,,
9/23/2018,0.072,13.532,0,0,0.058,10.986,0.096,18.008,0.086,16.137,0.092,17.28,0.056,10.503,0.052,9.88,,,,,,
9/24/2018,0.083,15.706,0.021,3.89,0.067,12.611,0.11,20.769,0.099,18.653,0.107,20.264,0.064,12.144,0.061,11.453,,,,,,
9/25/2018,0.099,18.713,0.874,164.695,0.079,14.86,0.13,24.584,0.117,22.12,0.129,24.376,0.076,14.415,0.072,13.636,,,,,,
9/26/2018,0.045,8.544,0.57,107.451,0.036,6.718,0.059,11.164,0.053,10.058,0.06,11.245,0.035,6.562,0.033,6.22,,,,,,
9/27/2018,0.08,15.053,0,0,0.062,11.706,0.104,19.537,0.094,17.651,0.106,20.004,0.061,11.513,0.058,10.956,,,,,,
9/28/2018,0.093,17.458,0,0,0.071,13.435,0.119,22.521,0.108,20.383,0.124,23.419,0.071,13.309,0.067,12.7,,,,,,
9/29/2018,0.088,16.627,0,0,0.067,12.656,0.113,21.311,0.103,19.329,0.119,22.506,0.067,12.626,0.064,12.084,,,,,,
9/30/2018,0.102,19.24,0,0,0.077,14.497,0.13,24.517,0.118,22.276,0.139,26.291,0.077,14.556,0.074,13.97,,,,,,
10/1/2018,0.107,20.205,0,0,0.08,15.061,0.136,25.586,0.124,23.3,0.148,27.85,0.081,15.231,0.078,14.66,,,,,,
10/2/2018,0.11,20.791,0,0,0.081,15.328,0.139,26.165,0.127,23.871,0.153,28.912,0.083,15.617,0.08,15.076,,,,,,
10/3/2018,0.128,24.05,0,0,0.093,17.547,0.16,30.092,0.146,27.509,0.179,33.729,0.096,18.008,0.092,17.429,,,,,,
10/4/2018,0.092,17.377,0,0,0.067,12.544,0.115,21.608,0.105,19.796,0.13,24.577,0.069,12.967,0.067,12.582,,,,,,
10/5/2018,0.12,22.573,0,0,0.086,16.122,0.148,27.902,0.136,25.608,0.171,32.185,0.089,16.783,0.087,16.337,,,,,,
10/6/2018,0.039,7.423,0.514,96.904,0.028,5.248,0.048,9.123,0.044,8.388,0.057,10.674,0.029,5.5,0.028,5.367,,,,,,
10/7/2018,0.061,11.527,0.754,142.167,0.043,8.061,0.075,14.088,0.069,12.982,0.089,16.709,0.045,8.521,0.044,8.336,,,,,,
10/8/2018,0.08,15.128,0.693,130.67,0.056,10.466,0.097,18.371,0.09,16.961,0.117,22.097,0.059,11.142,0.058,10.926,,,,,,
10/9/2018,0.028,5.211,0.126,23.753,0.019,3.57,0.033,6.294,0.031,5.819,0.041,7.668,0.02,3.823,0.02,3.763,,,,,,
10/10/2018,0.067,12.633,0,0,0.045,8.558,0.08,15.172,0.075,14.059,0.099,18.735,0.049,9.241,0.048,9.115,,,,,,
10/11/2018,0.068,12.886,0.323,60.963,0.046,8.64,0.082,15.38,0.076,14.289,0.102,19.255,0.05,9.397,0.049,9.293,,,,,,
10/12/2018,0.05,9.471,0.135,25.415,0.033,6.28,0.06,11.238,0.055,10.459,0.076,14.244,0.036,6.881,0.036,6.821,,,,,,
10/13/2018,0.031,5.819,0.261,49.19,0.02,3.823,0.036,6.866,0.034,6.406,0.047,8.826,0.022,4.216,0.022,4.194,,,,,,
10/14/2018,0.035,6.547,0.029,5.478,0.023,4.253,0.041,7.675,0.038,7.178,0.053,9.991,0.025,4.728,0.025,4.713,,,,,,
10/15/2018,0.054,10.125,0,0,0.034,6.502,0.063,11.81,0.059,11.052,0.082,15.551,0.039,7.289,0.039,7.282,,,,,,
10/16/2018,0.044,8.38,0,0,0.029,5.463,0.052,9.753,0.048,9.108,0.068,12.767,0.033,6.22,0.032,5.953,,,,,,
10/17/2018,0.057,10.733,0,0,0.038,7.104,0.066,12.47,0.062,11.602,0.086,16.211,0.044,8.224,0.04,7.534,,,,,,
10/18/2018,0.027,5.137,0.511,96.332,0.018,3.452,0.032,5.953,0.029,5.515,0.041,7.675,0.022,4.06,0.019,3.555,,,,,,
10/19/2018,0.033,6.176,0.205,38.613,0.022,4.224,0.038,7.141,0.035,6.599,0.049,9.145,0.027,5.047,0.022,4.216,,,,,,
10/20/2018,0.068,12.775,0,0,0.047,8.878,0.078,14.727,0.072,13.554,0.099,18.698,0.057,10.8,0.045,8.573,,,,,,
10/21/2018,0.068,12.819,0,0,0.048,9.071,0.078,14.742,0.072,13.502,0.098,18.549,0.059,11.216,0.045,8.462,,,,,,
10/22/2018,0.059,11.186,0,0,0.043,8.061,0.068,12.826,0.062,11.691,0.085,15.974,0.054,10.139,0.038,7.245,,,,,,
10/23/2018,0.049,9.226,0,0,0.036,6.777,0.056,10.548,0.051,9.568,0.069,12.997,0.046,8.677,0.031,5.857,,,,,,
10/24/2018,0.023,4.372,1.02,192.234,0.017,3.229,0.026,4.981,0.024,4.513,0.033,6.139,0.022,4.157,0.015,2.761,,,,,,
10/25/2018,0.033,6.309,0,0,0.025,4.676,0.038,7.163,0.034,6.473,0.047,8.826,0.032,6.05,0.021,3.964,,,,,,
10/26/2018,0.056,10.563,0,0,0.042,7.853,0.063,11.936,0.057,10.77,0.078,14.712,0.054,10.221,0.035,6.599,,,,,,
10/27/2018,0.07,13.19,0,0,0.052,9.85,0.079,14.845,0.071,13.368,0.097,18.297,0.068,12.886,0.043,8.187,,,,,,
10/28/2018,0.055,10.384,0,0,0.041,7.786,0.062,11.639,0.056,10.466,0.076,14.348,0.054,10.251,0.034,6.413,,,,,,
10/29/2018,0.067,12.582,0,0,0.05,9.471,0.074,14.044,0.067,12.604,0.092,17.317,0.067,12.544,0.041,7.72,,,,,,
10/30/2018,0.038,7.178,0,0,0.029,5.433,0.042,7.979,0.038,7.148,0.052,9.843,0.038,7.23,0.023,4.379,,,,,,
10/31/2018,0.022,4.12,0.459,86.564,0.017,3.132,0.024,4.558,0.022,4.075,0.03,5.626,0.022,4.194,0.013,2.494,,,,,,
11/1/2018,0.047,8.84,0,0,0.036,6.747,0.052,9.739,0.046,8.685,0.064,12.017,0.048,9.085,0.028,5.322,,,,,,
11/2/2018,0.057,10.674,0,0,0.043,8.172,0.062,11.698,0.055,10.414,0.077,14.43,0.059,11.075,0.034,6.384,,,,,,
11/3/2018,0.056,10.577,0,0,0.043,8.135,0.061,11.542,0.054,10.243,0.076,14.237,0.059,11.09,0.033,6.28,,,,,,
11/4/2018,0.046,8.61,0,0,0.035,6.658,0.05,9.353,0.044,8.284,0.061,11.535,0.048,9.123,0.027,5.077,,,,,,
11/5/2018,0.065,12.24,0,0,0.05,9.509,0.07,13.227,0.062,11.691,0.087,16.315,0.069,13.101,0.038,7.163,,,,,,
11/6/2018,0.06,11.386,0,0,0.047,8.892,0.065,12.247,0.057,10.793,0.08,15.113,0.065,12.322,0.035,6.621,,,,,,
11/7/2018,0.056,10.555,0,0,0.044,8.276,0.06,11.297,0.053,9.932,0.074,13.932,0.061,11.542,0.032,6.087,,,,,,
11/8/2018,0.019,3.607,0,0,0.015,2.843,0.02,3.838,0.018,3.362,0.025,4.736,0.021,3.986,0.011,2.064,,,,,,
11/9/2018,0.034,6.428,0,0,0.027,5.092,0.036,6.807,0.032,5.953,0.045,8.395,0.038,7.185,0.019,3.652,,,,,,
11/10/2018,0.038,7.074,0,0,0.03,5.626,0.039,7.445,0.034,6.495,0.049,9.189,0.042,7.987,0.021,3.986,,,,,,
11/11/2018,0.033,6.302,0.242,45.657,0.027,5.04,0.035,6.599,0.03,5.738,0.043,8.143,0.038,7.2,0.019,3.518,,,,,,
11/12/2018,0.006,1.039,0.028,5.196,0.004,0.839,0.006,1.084,0.005,0.935,0.007,1.336,0.006,1.202,0.003,0.579,,,,,,
11/13/2018,0.02,3.778,0,0,0.016,3.051,0.021,3.912,0.018,3.377,0.026,4.825,0.023,4.409,0.011,2.071,,,,,,
11/14/2018,0.02,3.741,0,0,0.016,3.036,0.02,3.845,0.018,3.311,0.025,4.751,0.023,4.417,0.011,2.034,,,,,,
11/15/2018,0.055,10.436,0,0,0.045,8.521,0.057,10.659,0.049,9.152,0.07,13.168,0.066,12.463,0.03,5.619,,,,,,
11/16/2018,0.044,8.328,0,0,0.036,6.844,0.045,8.454,0.038,7.23,0.055,10.444,0.053,10.065,0.024,4.439,,,,,,
11/17/2018,0.036,6.859,0,0,0.032,5.975,0.037,6.97,0.032,5.96,0.045,8.417,0.043,8.017,0.02,3.719,,,,,,
11/18/2018,0.005,0.958,0,0,0.005,0.883,0.005,0.98,0.004,0.831,0.006,1.151,0.006,1.084,0.003,0.534,,,,,,
11/19/2018,0.023,4.394,0,0,0.023,4.29,0.024,4.476,0.02,3.815,0.027,5.129,0.025,4.765,0.013,2.472,,,,,,
11/20/2018,0.026,4.914,0,0,0.027,5.077,0.027,5.018,0.023,4.275,0.03,5.589,0.027,5.114,0.015,2.821,,,,,,
11/21/2018,0.034,6.317,0,0,0.037,6.896,0.034,6.45,0.029,5.493,0.037,6.985,0.033,6.28,0.02,3.697,,,,,,
11/22/2018,0.037,7.066,0,0,0.043,8.143,0.038,7.222,0.033,6.146,0.04,7.571,0.035,6.68,0.022,4.216,,,,,,
11/23/2018,0.053,10.073,0,0,0.065,12.262,0.055,10.318,0.046,8.766,0.055,10.444,0.048,9.019,0.033,6.131,,,,,,
11/24/2018,0.051,9.568,0,0,0.065,12.285,0.052,9.813,0.044,8.328,0.051,9.568,0.043,8.061,0.032,5.946,,,,,,
11/25/2018,0.023,4.35,0,0,0.03,5.582,0.022,4.238,0.019,3.593,0.023,4.342,0.02,3.815,0.017,3.17,,,,,,
11/26/2018,0.026,4.958,0,0,0.034,6.369,0.024,4.595,0.021,3.89,0.026,4.951,0.024,4.52,0.022,4.112,,,,,,
11/27/2018,0.033,6.131,0,0,0.042,7.883,0.029,5.404,0.024,4.565,0.032,6.124,0.031,5.79,0.03,5.671,,,,,,
11/28/2018,0.043,8.187,0,0,0.056,10.533,0.036,6.859,0.031,5.79,0.043,8.172,0.042,7.987,0.044,8.313,,,,,,
11/29/2018,0.051,9.701,0,0,0.066,12.485,0.041,7.727,0.035,6.517,0.051,9.672,0.052,9.739,0.057,10.681,,,,,,
11/30/2018,0.033,6.302,0.006,1.121,0.043,8.113,0.025,4.78,0.021,4.023,0.033,6.28,0.034,6.502,0.04,7.452,,,,,,
12/1/2018,0.058,10.919,0,0,0.075,14.066,0.042,7.876,0.035,6.614,0.058,10.882,0.061,11.55,0.073,13.754,,,,,,
12/2/2018,0.03,5.589,0,0,0.038,7.207,0.02,3.838,0.017,3.221,0.03,5.574,0.032,6.057,0.04,7.46,,,,,,
12/3/2018,0.015,2.902,0,0,0.02,3.786,0.011,1.989,0.009,1.737,0.016,2.999,0.016,3.043,0.02,3.845,,,,,,
12/4/2018,0.009,1.648,0,0,0.012,2.175,0.006,1.121,0.005,1.017,0.009,1.752,0.009,1.67,0.011,2.167,,,,,,
12/5/2018,0.033,6.243,0,0,0.044,8.313,0.022,4.238,0.021,3.986,0.036,6.829,0.033,6.146,0.043,8.143,,,,,,
12/6/2018,0.032,6.057,0,0,0.043,8.135,0.022,4.097,0.021,3.971,0.036,6.799,0.031,5.79,0.042,7.853,,,,,,
12/7/2018,0.017,3.184,0.01,1.96,0.023,4.313,0.011,2.145,0.011,2.138,0.019,3.652,0.016,2.954,0.022,4.097,,,,,,
12/8/2018,0.016,3.014,0.186,34.983,0.022,4.12,0.011,2.026,0.011,2.078,0.019,3.541,0.014,2.724,0.021,3.867,,,,,,
12/9/2018,0.033,6.228,0,0,0.045,8.558,0.022,4.179,0.023,4.379,0.039,7.445,0.029,5.478,0.042,7.927,,,,,,
12/10/2018,0.032,5.953,0,0,0.044,8.247,0.021,3.986,0.023,4.268,0.039,7.259,0.027,5.107,0.04,7.549,,,,,,
12/11/2018,0.046,8.714,0,0,0.064,11.995,0.031,5.79,0.033,6.146,0.057,10.733,0.039,7.408,0.059,11.142,,,,,,
12/12/2018,0.034,6.428,0,0,0.047,8.796,0.022,4.238,0.024,4.461,0.042,8.002,0.029,5.411,0.044,8.284,,,,,,
12/13/2018,0.022,4.142,1.325,249.879,0.03,5.619,0.014,2.709,0.015,2.821,0.028,5.203,0.018,3.444,0.029,5.374,,,,,,
12/14/2018,0.054,10.132,0,0,0.073,13.673,0.035,6.569,0.036,6.792,0.068,12.864,0.044,8.351,0.07,13.257,,,,,,
12/15/2018,0.051,9.679,0,0,0.069,12.982,0.033,6.235,0.034,6.384,0.066,12.418,0.042,7.898,0.068,12.775,,,,,,
12/16/2018,0.043,8.135,0,0,0.057,10.837,0.028,5.196,0.028,5.27,0.056,10.533,0.035,6.569,0.057,10.815,,,,,,
12/17/2018,0.029,5.545,0,0,0.039,7.341,0.019,3.511,0.019,3.526,0.038,7.252,0.024,4.431,0.039,7.43,,,,,,
12/18/2018,0.042,7.868,0,0,0.055,10.34,0.026,4.944,0.026,4.914,0.055,10.392,0.033,6.22,0.056,10.622,,,,,,
12/19/2018,0.022,4.172,0.024,4.454,0.029,5.448,0.014,2.598,0.014,2.561,0.029,5.56,0.017,3.266,0.03,5.671,,,,,,
12/20/2018,0.066,12.522,0,0,0.086,16.248,0.041,7.742,0.04,7.541,0.089,16.857,0.051,9.701,0.091,17.161,,,,,,
12/21/2018,0.047,8.826,0,0,0.06,11.372,0.029,5.411,0.028,5.211,0.064,11.988,0.036,6.762,0.065,12.181,,,,,,
12/22/2018,0.047,8.833,0,0,0.06,11.312,0.029,5.374,0.027,5.122,0.064,12.114,0.036,6.695,0.065,12.285,,,,,,
12/23/2018,0.035,6.517,0,0,0.044,8.284,0.021,3.934,0.02,3.704,0.048,9.019,0.026,4.884,0.048,9.13,,,,,,
12/24/2018,0.049,9.323,0,0,0.062,11.772,0.03,5.574,0.028,5.188,0.069,13.012,0.037,6.918,0.07,13.153,,,,,,
12/25/2018,0.032,6.064,0.021,3.993,0.04,7.608,0.019,3.6,0.018,3.311,0.045,8.544,0.024,4.454,0.046,8.625,,,,,,
12/26/2018,0.015,2.806,4.023,758.513,0.019,3.496,0.009,1.648,0.008,1.499,0.021,3.986,0.011,2.034,0.021,4.016,,,,,,
12/27/2018,0.015,2.806,0,0,0.018,3.474,0.009,1.64,0.008,1.47,0.021,4.023,0.011,2.012,0.021,4.045,,,,,,
12/28/2018,0.027,5.151,0,0,0.034,6.332,0.016,2.977,0.014,2.635,0.039,7.445,0.019,3.652,0.04,7.475,,,,,,
12/29/2018,0.02,3.748,0,0,0.024,4.58,0.011,2.153,0.01,1.878,0.029,5.471,0.014,2.628,0.029,5.485,,,,,,
12/30/2018,0.022,4.224,0.232,43.809,0.027,5.122,0.013,2.405,0.011,2.071,0.033,6.213,0.016,2.932,0.033,6.22,,,,,,
12/31/2018,0.025,4.699,0.004,0.839,0.03,5.656,0.014,2.65,0.012,2.249,0.037,6.97,0.017,3.221,0.037,6.963,,,,,,
